{"in" : 0.1249387366082999,
"shipment" : 0.30102999566398114,
"truck" : 0.1249387366082999,
"fire" : 0.6020599913279623,
"arrived" : 0.1249387366082999,
"silver" : 0.6020599913279623,
"damaged" : 0.30102999566398114,
"gold" : 0.30102999566398114,
"a" : 0.1249387366082999,
"of" : 0.1249387366082999,
"delivery" : 0.6020599913279623}