{"1": [0.15138113379484924, 0.36474085849564053, 0, 0.7294817169912811, 0, 0, 0.36474085849564053, 0.36474085849564053, 0.15138113379484924, 0.15138113379484924, 0],
"2": [0.09086923147012532, 0, 0.09086923147012532, 0, 0.09086923147012532, 0.8757688799495648, 0, 0, 0.09086923147012532, 0.09086923147012532, 0.4378844399747824],
"3": [0.24536189113157705, 0.5911800537491437, 0.24536189113157705, 0, 0.24536189113157705, 0, 0, 0.5911800537491437, 0.24536189113157705, 0.24536189113157705, 0],
"4": [0, 0, 0.35793564988393084, 0, 0.35793564988393084, 0, 0.8624176140851578, 0, 0, 0, 0] }